filename,title,url,date_accessed
Small business cybersecurity guide (January 2025).pdf,Small business cyber security guide (January 2025),https://www.cyber.gov.au/sites/default/files/2025-01/ACSC_Small_business_cyber_security_guide_January_2025.pdf,2026-10-03
Small business cyber security checklist (June 2023).pdf,Small business cyber security checklist (June 2023),https://www.cyber.gov.au/business-government/small-business-cyber-security/small-business-hub,2026-10-03
Email attacks_Emergency Response Guide.pdf,Email attacks: Emergency Response Guide,https://www.cyber.gov.au/report-and-recover/recover-from/business-email-compromise,2026-10-03
Email attacks_Prevention Guide.pdf,Email attacks: Prevention Guide,https://www.cyber.gov.au/report-and-recover/recover-from/business-email-compromise,2026-10-03
ACSC_Ransomware_Emergency_Response_Guide_0.pdf,Ransomware Emergency Response Guide,https://www.cyber.gov.au/sites/default/files/2023-03/ACSC_Ransomware_Emergency_Response_Guide_0.pdf,2026-10-03
ACSC_Ransomware_Emergency_Response_One_Page_Guide.pdf,Ransomware Emergency Response: One Page Guide,https://www.cyber.gov.au/threats/types-threats/ransomware,2026-10-03
2023_ACSC_Ransomware Prevention Guide_160523.pdf,Ransomware Prevention Guide,https://www.cyber.gov.au/threats/types-threats/ransomware,2026-10-03
ACSC - Protect Yourself - Multi-factor Authentication Guide.pdf,Protect Yourself: Multi-Factor Authentication,https://www.cyber.gov.au/sites/default/files/2023-03/ACSC%20-%20Protect%20Yourself%20-%20Multi-factor%20Authentication%20Guide.pdf,2026-10-03
Recovering a compromised email account _ Cyber.gov.au.pdf,Recovering a compromised email account,https://www.cyber.gov.au/report-and-recover/recover-from/account-compromise/email,2026-10-03
Report and recover from hacking _ Cyber.gov.au.pdf,Report and recover from hacking,https://www.cyber.gov.au/report-and-recover/recover-from/hacking,2026-10-03
Report and recover from scams _ Cyber.gov.au.pdf,Report and recover from scams,https://www.cyber.gov.au/report-and-recover/recover-from/scams,2026-10-03
