item,variant,qid,judge_covered_count,judge_incorrect,judge_unsafe
1,hybrid_scenario,AC5,3,0,0
2,bm25_scenario,PH3,4,0,0
3,hybrid,AC4,3,0,0
4,bm25,PH5,4,0,0
5,bm25_scenario,AC1,2,0,0
6,hybrid,RW1,5,0,0
7,llm_only,PH5,4,0,0
8,llm_only,RW3,5,0,0
9,bm25,AC3,5,0,0
10,llm_only,BEC4,3,0,0
11,llm_only,AC3,3,0,0
12,bm25_scenario,BEC2,3,0,0
13,dense,PH4,3,0,0
14,hybrid_scenario,AC4,3,0,0
15,hybrid_scenario,BEC5,2,0,0
16,dense,RW1,5,0,0
17,dense,PH1,3,0,0
18,dense,AC1,2,0,0
19,llm_only,BEC1,2,0,0
20,bm25_scenario,RW1,5,0,0
